"namespace","term","iri","label","type","status","replaced_by","use_at_bio_database"
"ac","fundingAttribution","http://rs.tdwg.org/ac/terms/fundingAttribution","Funding Attribution","Property","valid","","true"
"ac","Media","http://rs.tdwg.org/ac/terms/Media","Media Entity","Class","valid","","false"
"dc","language","http://purl.org/dc/elements/1.1/language","Language","Property","valid","","true"
"dc","type","http://purl.org/dc/elements/1.1/type","Type","Property","valid","","true"
"dcterms","accessRights","http://purl.org/dc/terms/accessRights","Access Rights","Property","valid","","true"
"dcterms","Agent","http://purl.org/dc/terms/Agent","Agent","Class","valid","","false"
"dcterms","bibliographicCitation","http://purl.org/dc/terms/bibliographicCitation","Bibliographic Citation","Property","valid","","true"
"dcterms","BibliographicResource","http://purl.org/dc/terms/BibliographicResource","Bibliographic Resource","Class","valid","","false"
"dcterms","language","http://purl.org/dc/terms/language","Language","Property","valid","","true"
"dcterms","license","http://purl.org/dc/terms/license","License","Property","valid","","true"
"dcterms","Location","http://purl.org/dc/terms/Location","Location","Class","valid","","true"
"dcterms","modified","http://purl.org/dc/terms/modified","Date Modified","Property","valid","","true"
"dcterms","references","http://purl.org/dc/terms/references","References","Property","valid","","true"
"dcterms","rights","http://purl.org/dc/terms/rights","Rights","Property","invalid","http://purl.org/dc/terms/license","false"
"dcterms","rightsHolder","http://purl.org/dc/terms/rightsHolder","Rights Holder","Property","valid","","true"
"dcterms","type","http://purl.org/dc/terms/type","Type","Property","invalid","http://purl.org/dc/elements/1.1/type","false"
"dwc","acceptedNameUsage","http://rs.tdwg.org/dwc/terms/acceptedNameUsage","Accepted Name Usage","Property","valid","","true"
"dwc","acceptedNameUsageID","http://rs.tdwg.org/dwc/terms/acceptedNameUsageID","Accepted Name Usage ID","Property","valid","","true"
"dwc","acceptedScientificName","http://rs.tdwg.org/dwc/terms/acceptedScientificName","Accepted Scientific Name","Property","invalid","http://rs.tdwg.org/dwc/terms/acceptedNameUsage","false"
"dwc","acceptedScientificNameID","http://rs.tdwg.org/dwc/terms/acceptedScientificNameID","Accepted Scientific Name ID","Property","invalid","http://rs.tdwg.org/dwc/terms/acceptedTaxonID","false"
"dwc","AcceptedTaxon","http://rs.tdwg.org/dwc/terms/AcceptedTaxon","Accepted Taxon","Property","invalid","http://rs.tdwg.org/dwc/terms/acceptedTaxonName","false"
"dwc","acceptedTaxonID","http://rs.tdwg.org/dwc/terms/acceptedTaxonID","Accepted Taxon ID","Property","invalid","http://rs.tdwg.org/dwc/terms/acceptedNameUsageID","false"
"dwc","AcceptedTaxonID","http://rs.tdwg.org/dwc/terms/AcceptedTaxonID","Accepted Taxon ID","Property","invalid","http://rs.tdwg.org/dwc/terms/acceptedTaxonNameID","false"
"dwc","acceptedTaxonName","http://rs.tdwg.org/dwc/terms/acceptedTaxonName","Accepted Taxon Name","Property","invalid","http://rs.tdwg.org/dwc/terms/acceptedScientificName","false"
"dwc","acceptedTaxonNameID","http://rs.tdwg.org/dwc/terms/acceptedTaxonNameID","Accepted Taxon Name ID","Property","invalid","http://rs.tdwg.org/dwc/terms/acceptedScientificNameID","false"
"dwc","AccessConstraints","http://rs.tdwg.org/dwc/terms/AccessConstraints","Access Constraints","Property","invalid","http://purl.org/dc/terms/accessRights","false"
"dwc","accordingTo","http://rs.tdwg.org/dwc/terms/accordingTo","According To","Property","invalid","","false"
"dwc","accuracy","http://rs.tdwg.org/dwc/terms/accuracy","Accuracy","Property","invalid","","false"
"dwc","agentID","http://rs.tdwg.org/dwc/terms/agentID","Agent ID","Property","valid","","true"
"dwc","agentRemarks","http://rs.tdwg.org/dwc/terms/agentRemarks","Agent Remarks","Property","valid","","true"
"dwc","agentRoleOrder","http://rs.tdwg.org/dwc/terms/agentRoleOrder","Agent Role Order","Property","valid","","true"
"dwc","agentType","http://rs.tdwg.org/dwc/terms/agentType","Agent Type","Property","valid","","true"
"dwc","assayType","http://rs.tdwg.org/dwc/terms/assayType","Assay Type","Property","valid","","false"
"dwc","Assertion","http://rs.tdwg.org/dwc/terms/Assertion","Assertion","Class","valid","","false"
"dwc","assertionBy","http://rs.tdwg.org/dwc/terms/assertionBy","Assertion By","Property","valid","","false"
"dwc","assertionEffectiveDate","http://rs.tdwg.org/dwc/terms/assertionEffectiveDate","Assertion Effective Date","Property","valid","","false"
"dwc","assertionError","http://rs.tdwg.org/dwc/terms/assertionError","Assertion Error","Property","valid","","false"
"dwc","assertionID","http://rs.tdwg.org/dwc/terms/assertionID","Assertion ID","Property","valid","","false"
"dwc","assertionMadeDate","http://rs.tdwg.org/dwc/terms/assertionMadeDate","Assertion Made Date","Property","valid","","false"
"dwc","assertionProtocols","http://rs.tdwg.org/dwc/terms/assertionProtocols","Assertion Protocols","Property","valid","","false"
"dwc","assertionReferences","http://rs.tdwg.org/dwc/terms/assertionReferences","Assertion References","Property","valid","","false"
"dwc","assertionRemarks","http://rs.tdwg.org/dwc/terms/assertionRemarks","Assertion Remarks","Property","valid","","false"
"dwc","assertionType","http://rs.tdwg.org/dwc/terms/assertionType","Assertion Type","Property","valid","","false"
"dwc","assertionUnit","http://rs.tdwg.org/dwc/terms/assertionUnit","Assertion Unit","Property","valid","","false"
"dwc","assertionValue","http://rs.tdwg.org/dwc/terms/assertionValue","Assertion Value","Property","valid","","false"
"dwc","associatedMedia","http://rs.tdwg.org/dwc/terms/associatedMedia","Associated Media","Property","valid","","true"
"dwc","associatedOccurrences","http://rs.tdwg.org/dwc/terms/associatedOccurrences","Associated Occurrences","Property","valid","","true"
"dwc","associatedOrganisms","http://rs.tdwg.org/dwc/terms/associatedOrganisms","Associated Organisms","Property","valid","","false"
"dwc","associatedReferences","http://rs.tdwg.org/dwc/terms/associatedReferences","Associated References","Property","valid","","true"
"dwc","associatedSequences","http://rs.tdwg.org/dwc/terms/associatedSequences","Associated Sequences","Property","valid","","true"
"dwc","associatedTaxa","http://rs.tdwg.org/dwc/terms/associatedTaxa","Associated Taxa","Property","valid","","true"
"dwc","basionym","http://rs.tdwg.org/dwc/terms/basionym","Basionym","Property","invalid","http://rs.tdwg.org/dwc/terms/originalNameUsage","false"
"dwc","basionymID","http://rs.tdwg.org/dwc/terms/basionymID","Basionym ID","Property","invalid","http://rs.tdwg.org/dwc/terms/originalNameUsageID","false"
"dwc","basisOfRecord","http://rs.tdwg.org/dwc/terms/basisOfRecord","Basis Of Record","Property","valid","","true"
"dwc","bed","http://rs.tdwg.org/dwc/terms/bed","Bed","Property","valid","","true"
"dwc","behavior","http://rs.tdwg.org/dwc/terms/behavior","Behavior","Property","valid","","true"
"dwc","binomial","http://rs.tdwg.org/dwc/terms/binomial","Binomial","Property","invalid","","false"
"dwc","caste","http://rs.tdwg.org/dwc/terms/caste","Caste","Property","valid","","true"
"dwc","catalogNumber","http://rs.tdwg.org/dwc/terms/catalogNumber","Catalog Number","Property","valid","","true"
"dwc","CatalogNumberNumeric","http://rs.tdwg.org/dwc/terms/CatalogNumberNumeric","Catalog Number Numeric","Property","invalid","","false"
"dwc","causeOfDeath","http://rs.tdwg.org/dwc/terms/causeOfDeath","Cause Of Death","Property","valid","","true"
"dwc","class","http://rs.tdwg.org/dwc/terms/class","Class","Property","valid","","true"
"dwc","collectionCode","http://rs.tdwg.org/dwc/terms/collectionCode","Collection Code","Property","valid","","true"
"dwc","collectionID","http://rs.tdwg.org/dwc/terms/collectionID","Collection ID","Property","valid","","true"
"dwc","continent","http://rs.tdwg.org/dwc/terms/continent","Continent","Property","valid","","true"
"dwc","coordinatePrecision","http://rs.tdwg.org/dwc/terms/coordinatePrecision","Coordinate Precision","Property","valid","","true"
"dwc","coordinateUncertaintyInMeters","http://rs.tdwg.org/dwc/terms/coordinateUncertaintyInMeters","Coordinate Uncertainty In Meters","Property","valid","","true"
"dwc","country","http://rs.tdwg.org/dwc/terms/country","Country","Property","valid","","true"
"dwc","countryCode","http://rs.tdwg.org/dwc/terms/countryCode","Country Code","Property","valid","","true"
"dwc","county","http://rs.tdwg.org/dwc/terms/county","Second Order Division","Property","valid","","true"
"dwc","cultivarEpithet","http://rs.tdwg.org/dwc/terms/cultivarEpithet","Cultivar Epithet","Property","valid","","true"
"dwc","dataGeneralizations","http://rs.tdwg.org/dwc/terms/dataGeneralizations","Data Generalizations","Property","valid","","true"
"dwc","Dataset","http://rs.tdwg.org/dwc/terms/Dataset","Dataset","Class","invalid","","false"
"dwc","datasetID","http://rs.tdwg.org/dwc/terms/datasetID","Dataset ID","Property","valid","","true"
"dwc","datasetName","http://rs.tdwg.org/dwc/terms/datasetName","Dataset Name","Property","valid","","true"
"dwc","dateIdentified","http://rs.tdwg.org/dwc/terms/dateIdentified","Date Identified","Property","valid","","true"
"dwc","day","http://rs.tdwg.org/dwc/terms/day","Day","Property","valid","","true"
"dwc","decimalLatitude","http://rs.tdwg.org/dwc/terms/decimalLatitude","Decimal Latitude","Property","valid","","true"
"dwc","decimalLongitude","http://rs.tdwg.org/dwc/terms/decimalLongitude","Decimal Longitude","Property","valid","","true"
"dwc","degreeOfEstablishment","http://rs.tdwg.org/dwc/terms/degreeOfEstablishment","Degree of Establishment","Property","valid","","true"
"dwc","digitalSpecimenID","http://rs.tdwg.org/dwc/terms/digitalSpecimenID","Digital Specimen ID","Property","valid","","true"
"dwc","discipline","http://rs.tdwg.org/dwc/terms/discipline","Discipline","Property","valid","","true"
"dwc","disposition","http://rs.tdwg.org/dwc/terms/disposition","Disposition","Property","valid","","true"
"dwc","DwCType","http://rs.tdwg.org/dwc/terms/DwCType","Darwin Core Type","http://purl.org/dc/dcam/VocabularyEncodingScheme","invalid","","false"
"dwc","dynamicProperties","http://rs.tdwg.org/dwc/terms/dynamicProperties","Dynamic Properties","Property","valid","","true"
"dwc","earliestAgeOrLowestStage","http://rs.tdwg.org/dwc/terms/earliestAgeOrLowestStage","Earliest Age Or Lowest Stage","Property","valid","","true"
"dwc","EarliestDateCollected","http://rs.tdwg.org/dwc/terms/EarliestDateCollected","Earliest Date Collected","Property","invalid","http://rs.tdwg.org/dwc/terms/eventDate","false"
"dwc","earliestEonOrLowestEonothem","http://rs.tdwg.org/dwc/terms/earliestEonOrLowestEonothem","Earliest Eon Or Lowest Eonothem","Property","valid","","true"
"dwc","earliestEpochOrLowestSeries","http://rs.tdwg.org/dwc/terms/earliestEpochOrLowestSeries","Earliest Epoch Or Lowest Series","Property","valid","","true"
"dwc","earliestEraOrLowestErathem","http://rs.tdwg.org/dwc/terms/earliestEraOrLowestErathem","Earliest Era Or Lowest Erathem","Property","valid","","true"
"dwc","earliestPeriodOrLowestSystem","http://rs.tdwg.org/dwc/terms/earliestPeriodOrLowestSystem","Earliest Period Or Lowest System","Property","valid","","true"
"dwc","endDayOfYear","http://rs.tdwg.org/dwc/terms/endDayOfYear","End Day Of Year","Property","valid","","true"
"dwc","EndTimeOfDay","http://rs.tdwg.org/dwc/terms/EndTimeOfDay","End Time of Day","Property","invalid","http://rs.tdwg.org/dwc/terms/eventTime","false"
"dwc","establishmentMeans","http://rs.tdwg.org/dwc/terms/establishmentMeans","Establishment Means","Property","valid","","true"
"dwc","Event","http://rs.tdwg.org/dwc/terms/Event","Event","Class","valid","","true"
"dwc","EventAttribute","http://rs.tdwg.org/dwc/terms/EventAttribute","Event Attribute","Class","invalid","","false"
"dwc","EventAttributeAccuracy","http://rs.tdwg.org/dwc/terms/EventAttributeAccuracy","Event Attribute Accuracy","Property","invalid","http://rs.tdwg.org/dwc/terms/eventMeasurementAccuracy","false"
"dwc","EventAttributeDeterminedBy","http://rs.tdwg.org/dwc/terms/EventAttributeDeterminedBy","Event Attribute Determined By","Property","invalid","http://rs.tdwg.org/dwc/terms/eventMeasurementDeterminedBy","false"
"dwc","EventAttributeDeterminedDate","http://rs.tdwg.org/dwc/terms/EventAttributeDeterminedDate","Event Attribute Determined Date","Property","invalid","http://rs.tdwg.org/dwc/terms/eventMeasurementDeterminedDate","false"
"dwc","EventAttributeID","http://rs.tdwg.org/dwc/terms/EventAttributeID","Event Attribute ID","Property","invalid","http://rs.tdwg.org/dwc/terms/eventMeasurementID","false"
"dwc","EventAttributeRemarks","http://rs.tdwg.org/dwc/terms/EventAttributeRemarks","Event Attribute Remarks","Property","invalid","","false"
"dwc","eventAttributes","http://rs.tdwg.org/dwc/terms/eventAttributes","Event Attributes","Property","invalid","","false"
"dwc","EventAttributeType","http://rs.tdwg.org/dwc/terms/EventAttributeType","Event Attribute Type","Property","invalid","http://rs.tdwg.org/dwc/terms/SamplingAttributeType","false"
"dwc","EventAttributeUnit","http://rs.tdwg.org/dwc/terms/EventAttributeUnit","Event Attribute Unit","Property","invalid","http://rs.tdwg.org/dwc/terms/eventMeasurementUnit","false"
"dwc","EventAttributeValue","http://rs.tdwg.org/dwc/terms/EventAttributeValue","Event Attribute","Property","invalid","http://rs.tdwg.org/dwc/terms/eventMeasurementValue","false"
"dwc","eventCategory","http://rs.tdwg.org/dwc/terms/eventCategory","Event Category","Property","valid","","true"
"dwc","eventDate","http://rs.tdwg.org/dwc/terms/eventDate","Event Date","Property","valid","","true"
"dwc","eventID","http://rs.tdwg.org/dwc/terms/eventID","Event ID","Property","valid","","true"
"dwc","EventMeasurement","http://rs.tdwg.org/dwc/terms/EventMeasurement","Event Measurement","Class","invalid","http://rs.tdwg.org/dwc/terms/MeasurementOrFact","false"
"dwc","eventMeasurementAccuracy","http://rs.tdwg.org/dwc/terms/eventMeasurementAccuracy","Event Measurement Accuracy","Property","invalid","http://rs.tdwg.org/dwc/terms/measurementAccuracy","false"
"dwc","eventMeasurementDeterminedBy","http://rs.tdwg.org/dwc/terms/eventMeasurementDeterminedBy","Event Measurement Determined By","Property","invalid","http://rs.tdwg.org/dwc/terms/measurementDeterminedBy","false"
"dwc","eventMeasurementDeterminedDate","http://rs.tdwg.org/dwc/terms/eventMeasurementDeterminedDate","Event Measurement Determined Date","Property","invalid","http://rs.tdwg.org/dwc/terms/measurementDeterminedDate","false"
"dwc","eventMeasurementID","http://rs.tdwg.org/dwc/terms/eventMeasurementID","Event Measurement ID","Property","invalid","http://rs.tdwg.org/dwc/terms/measurementID","false"
"dwc","eventMeasurementRemarks","http://rs.tdwg.org/dwc/terms/eventMeasurementRemarks","Event Measurement Remarks","Property","invalid","http://rs.tdwg.org/dwc/terms/measurementRemarks","false"
"dwc","eventMeasurementType","http://rs.tdwg.org/dwc/terms/eventMeasurementType","Event Measurement Type","Property","invalid","http://rs.tdwg.org/dwc/terms/measurementType","false"
"dwc","eventMeasurementUnit","http://rs.tdwg.org/dwc/terms/eventMeasurementUnit","Event Measurement Unit","Property","invalid","http://rs.tdwg.org/dwc/terms/measurementUnit","false"
"dwc","eventMeasurementValue","http://rs.tdwg.org/dwc/terms/eventMeasurementValue","Event Measurement Value","Property","invalid","http://rs.tdwg.org/dwc/terms/measurementValue","false"
"dwc","eventRemarks","http://rs.tdwg.org/dwc/terms/eventRemarks","Event Remarks","Property","valid","","true"
"dwc","eventTime","http://rs.tdwg.org/dwc/terms/eventTime","Event Time","Property","valid","","true"
"dwc","eventType","http://rs.tdwg.org/dwc/terms/eventType","Event Type","Property","valid","","true"
"dwc","family","http://rs.tdwg.org/dwc/terms/family","Family","Property","valid","","true"
"dwc","feedbackURL","http://rs.tdwg.org/dwc/terms/feedbackURL","Feedback URL","Property","valid","","true"
"dwc","fieldNotes","http://rs.tdwg.org/dwc/terms/fieldNotes","Field Notes","Property","valid","","true"
"dwc","fieldNumber","http://rs.tdwg.org/dwc/terms/fieldNumber","Field Number","Property","valid","","true"
"dwc","footprintSpatialFit","http://rs.tdwg.org/dwc/terms/footprintSpatialFit","Footprint Spatial Fit","Property","valid","","true"
"dwc","footprintSRS","http://rs.tdwg.org/dwc/terms/footprintSRS","Footprint SRS","Property","valid","","true"
"dwc","footprintWKT","http://rs.tdwg.org/dwc/terms/footprintWKT","Footprint WKT","Property","valid","","true"
"dwc","formation","http://rs.tdwg.org/dwc/terms/formation","Formation","Property","valid","","true"
"dwc","FossilSpecimen","http://rs.tdwg.org/dwc/terms/FossilSpecimen","Fossil Specimen","Class","valid","","false"
"dwc","fundingAttributionID","http://rs.tdwg.org/dwc/terms/fundingAttributionID","Funding Attribution ID","Property","valid","","true"
"dwc","Generalizations","http://rs.tdwg.org/dwc/terms/Generalizations","Generalizations","Property","invalid","http://rs.tdwg.org/dwc/terms/dataGeneralizations","false"
"dwc","genericName","http://rs.tdwg.org/dwc/terms/genericName","Generic Name","Property","valid","","true"
"dwc","genus","http://rs.tdwg.org/dwc/terms/genus","Genus","Property","valid","","true"
"dwc","geodeticDatum","http://rs.tdwg.org/dwc/terms/geodeticDatum","Geodetic Datum","Property","valid","","true"
"dwc","GeologicalContext","http://rs.tdwg.org/dwc/terms/GeologicalContext","Geological Context","Class","valid","","false"
"dwc","geologicalContextID","http://rs.tdwg.org/dwc/terms/geologicalContextID","Geological Context ID","Property","valid","","true"
"dwc","georeferencedBy","http://rs.tdwg.org/dwc/terms/georeferencedBy","Georeferenced By","Property","valid","","true"
"dwc","georeferencedDate","http://rs.tdwg.org/dwc/terms/georeferencedDate","Georeferenced Date","Property","valid","","true"
"dwc","georeferenceProtocol","http://rs.tdwg.org/dwc/terms/georeferenceProtocol","Georeference Protocol","Property","valid","","true"
"dwc","georeferenceRemarks","http://rs.tdwg.org/dwc/terms/georeferenceRemarks","Georeference Remarks","Property","valid","","true"
"dwc","georeferenceSources","http://rs.tdwg.org/dwc/terms/georeferenceSources","Georeference Sources","Property","valid","","true"
"dwc","georeferenceVerificationStatus","http://rs.tdwg.org/dwc/terms/georeferenceVerificationStatus","Georeference Verification Status","Property","valid","","true"
"dwc","group","http://rs.tdwg.org/dwc/terms/group","Group","Property","valid","","true"
"dwc","habitat","http://rs.tdwg.org/dwc/terms/habitat","Habitat","Property","valid","","true"
"dwc","higherClassification","http://rs.tdwg.org/dwc/terms/higherClassification","Higher Classification","Property","valid","","true"
"dwc","higherGeography","http://rs.tdwg.org/dwc/terms/higherGeography","Higher Geography","Property","valid","","true"
"dwc","higherGeographyID","http://rs.tdwg.org/dwc/terms/higherGeographyID","Higher Geography ID","Property","valid","","true"
"dwc","HigherTaxon","http://rs.tdwg.org/dwc/terms/HigherTaxon","Higher Taxon","Property","invalid","","false"
"dwc","higherTaxonconceptID","http://rs.tdwg.org/dwc/terms/higherTaxonconceptID","Higher Taxon Concept ID","Property","invalid","","false"
"dwc","HigherTaxonID","http://rs.tdwg.org/dwc/terms/HigherTaxonID","Higher Taxon ID","Property","invalid","http://rs.tdwg.org/dwc/terms/higherTaxonNameID","false"
"dwc","higherTaxonName","http://rs.tdwg.org/dwc/terms/higherTaxonName","Higher Taxon Name","Property","invalid","http://rs.tdwg.org/dwc/terms/higherClassification","false"
"dwc","higherTaxonNameID","http://rs.tdwg.org/dwc/terms/higherTaxonNameID","Higher Taxon Name ID","Property","invalid","http://rs.tdwg.org/dwc/terms/parentNameUsageID","false"
"dwc","highestBiostratigraphicZone","http://rs.tdwg.org/dwc/terms/highestBiostratigraphicZone","Highest Biostratigraphic Zone","Property","valid","","true"
"dwc","HumanObservation","http://rs.tdwg.org/dwc/terms/HumanObservation","Human Observation","Class","valid","","false"
"dwc","Identification","http://rs.tdwg.org/dwc/terms/Identification","Identification","Class","valid","","true"
"dwc","identificationAttributes","http://rs.tdwg.org/dwc/terms/identificationAttributes","Identification Attributes","Property","invalid","","false"
"dwc","identificationID","http://rs.tdwg.org/dwc/terms/identificationID","Identification ID","Property","valid","","true"
"dwc","identificationQualifier","http://rs.tdwg.org/dwc/terms/identificationQualifier","Identification Qualifier","Property","valid","","true"
"dwc","identificationReferences","http://rs.tdwg.org/dwc/terms/identificationReferences","Identification References","Property","valid","","true"
"dwc","identificationRemarks","http://rs.tdwg.org/dwc/terms/identificationRemarks","Identification Remarks","Property","valid","","true"
"dwc","identificationType","http://rs.tdwg.org/dwc/terms/identificationType","Identification Type","Property","valid","","true"
"dwc","identificationVerificationStatus","http://rs.tdwg.org/dwc/terms/identificationVerificationStatus","Identification Verification Status","Property","valid","","true"
"dwc","identifiedBy","http://rs.tdwg.org/dwc/terms/identifiedBy","Identified By","Property","valid","","true"
"dwc","identifiedByID","http://rs.tdwg.org/dwc/terms/identifiedByID","Identified By ID","Property","valid","","true"
"dwc","individualCount","http://rs.tdwg.org/dwc/terms/individualCount","Individual Count","Property","valid","","true"
"dwc","individualID","http://rs.tdwg.org/dwc/terms/individualID","Individual ID","Property","invalid","http://rs.tdwg.org/dwc/terms/organismID","false"
"dwc","informationWithheld","http://rs.tdwg.org/dwc/terms/informationWithheld","Information Withheld","Property","valid","","true"
"dwc","infragenericEpithet","http://rs.tdwg.org/dwc/terms/infragenericEpithet","Infrageneric Epithet","Property","valid","","true"
"dwc","infraspecificEpithet","http://rs.tdwg.org/dwc/terms/infraspecificEpithet","Infraspecific Epithet","Property","valid","","true"
"dwc","institutionCode","http://rs.tdwg.org/dwc/terms/institutionCode","Institution Code","Property","valid","","true"
"dwc","institutionID","http://rs.tdwg.org/dwc/terms/institutionID","Institution ID","Property","valid","","true"
"dwc","isAcceptedIdentification","http://rs.tdwg.org/dwc/terms/isAcceptedIdentification","Is Accepted Identification","Property","valid","","true"
"dwc","island","http://rs.tdwg.org/dwc/terms/island","Island","Property","valid","","true"
"dwc","islandGroup","http://rs.tdwg.org/dwc/terms/islandGroup","Island Group","Property","valid","","true"
"dwc","kingdom","http://rs.tdwg.org/dwc/terms/kingdom","Kingdom","Property","valid","","true"
"dwc","latestAgeOrHighestStage","http://rs.tdwg.org/dwc/terms/latestAgeOrHighestStage","Latest Age Or Highest Stage","Property","valid","","true"
"dwc","LatestDateCollected","http://rs.tdwg.org/dwc/terms/LatestDateCollected","Latest Date Collected","Property","invalid","http://rs.tdwg.org/dwc/terms/eventDate","false"
"dwc","latestEonOrHighestEonothem","http://rs.tdwg.org/dwc/terms/latestEonOrHighestEonothem","Latest Eon Or Highest Eonothem","Property","valid","","true"
"dwc","latestEpochOrHighestSeries","http://rs.tdwg.org/dwc/terms/latestEpochOrHighestSeries","Latest Epoch Or Highest Series","Property","valid","","true"
"dwc","latestEraOrHighestErathem","http://rs.tdwg.org/dwc/terms/latestEraOrHighestErathem","Latest Era Or Highest Erathem","Property","valid","","true"
"dwc","latestPeriodOrHighestSystem","http://rs.tdwg.org/dwc/terms/latestPeriodOrHighestSystem","Latest Period Or Highest System","Property","valid","","true"
"dwc","lifeStage","http://rs.tdwg.org/dwc/terms/lifeStage","Life Stage","Property","valid","","true"
"dwc","lithostratigraphicTerms","http://rs.tdwg.org/dwc/terms/lithostratigraphicTerms","Lithostratigraphic Terms","Property","valid","","true"
"dwc","LivingSpecimen","http://rs.tdwg.org/dwc/terms/LivingSpecimen","Living Specimen","Class","valid","","false"
"dwc","locality","http://rs.tdwg.org/dwc/terms/locality","Locality","Property","valid","","true"
"dwc","locationAccordingTo","http://rs.tdwg.org/dwc/terms/locationAccordingTo","Location According To","Property","valid","","true"
"dwc","locationAttributes","http://rs.tdwg.org/dwc/terms/locationAttributes","Location Attributes","Property","invalid","","false"
"dwc","locationID","http://rs.tdwg.org/dwc/terms/locationID","Location ID","Property","valid","","true"
"dwc","locationRemarks","http://rs.tdwg.org/dwc/terms/locationRemarks","Location Remarks","Property","valid","","true"
"dwc","lowestBiostratigraphicZone","http://rs.tdwg.org/dwc/terms/lowestBiostratigraphicZone","Lowest Biostratigraphic Zone","Property","valid","","true"
"dwc","MachineObservation","http://rs.tdwg.org/dwc/terms/MachineObservation","Machine Observation","Class","valid","","false"
"dwc","MaterialCitation","http://rs.tdwg.org/dwc/terms/MaterialCitation","Material Citation","Class","valid","","false"
"dwc","MaterialEntity","http://rs.tdwg.org/dwc/terms/MaterialEntity","Material Entity","Class","valid","","false"
"dwc","materialEntityCategory","http://rs.tdwg.org/dwc/terms/materialEntityCategory","Material Entity Category","Property","valid","","true"
"dwc","materialEntityID","http://rs.tdwg.org/dwc/terms/materialEntityID","Material Entity ID","Property","valid","","true"
"dwc","materialEntityRemarks","http://rs.tdwg.org/dwc/terms/materialEntityRemarks","Material Entity Remarks","Property","valid","","true"
"dwc","materialEntityType","http://rs.tdwg.org/dwc/terms/materialEntityType","Material Entity Type","Property","valid","","true"
"dwc","MaterialSample","http://rs.tdwg.org/dwc/terms/MaterialSample","Material Sample","Class","valid","","false"
"dwc","materialSampleID","http://rs.tdwg.org/dwc/terms/materialSampleID","Material Sample ID","Property","valid","","true"
"dwc","maximumDepthInMeters","http://rs.tdwg.org/dwc/terms/maximumDepthInMeters","Maximum Depth In Meters","Property","valid","","true"
"dwc","maximumDistanceAboveSurfaceInMeters","http://rs.tdwg.org/dwc/terms/maximumDistanceAboveSurfaceInMeters","Maximum Distance Above Surface In Meters","Property","valid","","true"
"dwc","maximumElevationInMeters","http://rs.tdwg.org/dwc/terms/maximumElevationInMeters","Maximum Elevation In Meters","Property","valid","","true"
"dwc","measurementAccuracy","http://rs.tdwg.org/dwc/terms/measurementAccuracy","Measurement Accuracy","Property","valid","","true"
"dwc","measurementDeterminedBy","http://rs.tdwg.org/dwc/terms/measurementDeterminedBy","Measurement Determined By","Property","valid","","true"
"dwc","measurementDeterminedDate","http://rs.tdwg.org/dwc/terms/measurementDeterminedDate","Measurement Determined Date","Property","valid","","true"
"dwc","measurementID","http://rs.tdwg.org/dwc/terms/measurementID","Measurement ID","Property","valid","","true"
"dwc","measurementMethod","http://rs.tdwg.org/dwc/terms/measurementMethod","Measurement Method","Property","valid","","true"
"dwc","MeasurementOrFact","http://rs.tdwg.org/dwc/terms/MeasurementOrFact","Measurement Or Fact","Class","valid","","false"
"dwc","measurementRemarks","http://rs.tdwg.org/dwc/terms/measurementRemarks","Measurement Remarks","Property","valid","","true"
"dwc","measurementType","http://rs.tdwg.org/dwc/terms/measurementType","Measurement Type","Property","valid","","true"
"dwc","measurementUnit","http://rs.tdwg.org/dwc/terms/measurementUnit","Measurement Unit","Property","valid","","true"
"dwc","measurementValue","http://rs.tdwg.org/dwc/terms/measurementValue","Measurement Value","Property","valid","","true"
"dwc","member","http://rs.tdwg.org/dwc/terms/member","Member","Property","valid","","true"
"dwc","minimumDepthInMeters","http://rs.tdwg.org/dwc/terms/minimumDepthInMeters","Minimum Depth In Meters","Property","valid","","true"
"dwc","minimumDistanceAboveSurfaceInMeters","http://rs.tdwg.org/dwc/terms/minimumDistanceAboveSurfaceInMeters","Minimum Distance Above Surface In Meters","Property","valid","","true"
"dwc","minimumElevationInMeters","http://rs.tdwg.org/dwc/terms/minimumElevationInMeters","Minimum Elevation In Meters","Property","valid","","true"
"dwc","MolecularProtocol","http://rs.tdwg.org/dwc/terms/MolecularProtocol","Molecular Protocol","Class","valid","","false"
"dwc","molecularProtocolID","http://rs.tdwg.org/dwc/terms/molecularProtocolID","Molecular Protocol ID","Property","valid","","true"
"dwc","month","http://rs.tdwg.org/dwc/terms/month","Month","Property","valid","","true"
"dwc","municipality","http://rs.tdwg.org/dwc/terms/municipality","Third Order Division","Property","valid","","true"
"dwc","nameAccordingTo","http://rs.tdwg.org/dwc/terms/nameAccordingTo","Name According To","Property","valid","","true"
"dwc","nameAccordingToID","http://rs.tdwg.org/dwc/terms/nameAccordingToID","Name According To ID","Property","valid","","true"
"dwc","namePublicationID","http://rs.tdwg.org/dwc/terms/namePublicationID","Name Publication ID","Property","invalid","http://rs.tdwg.org/dwc/terms/namePublishedInID","false"
"dwc","namePublishedIn","http://rs.tdwg.org/dwc/terms/namePublishedIn","Name Published In","Property","valid","","true"
"dwc","namePublishedInID","http://rs.tdwg.org/dwc/terms/namePublishedInID","Name Published In ID","Property","valid","","true"
"dwc","namePublishedInYear","http://rs.tdwg.org/dwc/terms/namePublishedInYear","Name Published In Year","Property","valid","","true"
"dwc","nomenclaturalCode","http://rs.tdwg.org/dwc/terms/nomenclaturalCode","Nomenclatural Code","Property","valid","","true"
"dwc","nomenclaturalStatus","http://rs.tdwg.org/dwc/terms/nomenclaturalStatus","Nomenclatural Status","Property","valid","","true"
"dwc","NucleotideAnalysis","http://rs.tdwg.org/dwc/terms/NucleotideAnalysis","Nucleotide Analysis","Class","valid","","false"
"dwc","NucleotideSequence","http://rs.tdwg.org/dwc/terms/NucleotideSequence","Nucleotide Sequence","Class","valid","","false"
"dwc","nucleotideSequenceRemarks","http://rs.tdwg.org/dwc/terms/nucleotideSequenceRemarks","Nucleotide Sequence Remarks","Property","valid","","true"
"dwc","objectQuantity","http://rs.tdwg.org/dwc/terms/objectQuantity","Object Quantity","Property","valid","","true"
"dwc","objectQuantityType","http://rs.tdwg.org/dwc/terms/objectQuantityType","Object Quantity Type","Property","valid","","true"
"dwc","Occurrence","http://rs.tdwg.org/dwc/terms/Occurrence","Occurrence","Class","valid","","true"
"dwc","occurrenceAttributes","http://rs.tdwg.org/dwc/terms/occurrenceAttributes","Occurrence Attributes","Property","invalid","","false"
"dwc","occurrenceDetails","http://rs.tdwg.org/dwc/terms/occurrenceDetails","Occurrence Details","Property","invalid","","false"
"dwc","occurrenceID","http://rs.tdwg.org/dwc/terms/occurrenceID","Occurrence ID","Property","valid","","true"
"dwc","OccurrenceMeasurement","http://rs.tdwg.org/dwc/terms/OccurrenceMeasurement","Occurrence Measurement","Class","invalid","","false"
"dwc","occurrenceMeasurementAccuracy","http://rs.tdwg.org/dwc/terms/occurrenceMeasurementAccuracy","Occurrence Measurement Accuracy","Property","invalid","http://rs.tdwg.org/dwc/terms/measurementAccuracy","false"
"dwc","occurrenceMeasurementDeterminedBy","http://rs.tdwg.org/dwc/terms/occurrenceMeasurementDeterminedBy","Occurrence Measurement Determined By","Property","invalid","","false"
"dwc","occurrenceMeasurementDeterminedDate","http://rs.tdwg.org/dwc/terms/occurrenceMeasurementDeterminedDate","Occurrence Measurement Determined Date","Property","invalid","http://rs.tdwg.org/dwc/terms/measurementDeterminedDate","false"
"dwc","occurrenceMeasurementID","http://rs.tdwg.org/dwc/terms/occurrenceMeasurementID","Occurrence Measurement ID","Property","invalid","http://rs.tdwg.org/dwc/terms/measurementID","false"
"dwc","occurrenceMeasurementRemarks","http://rs.tdwg.org/dwc/terms/occurrenceMeasurementRemarks","Occurrence Measurement Remarks","Property","invalid","http://rs.tdwg.org/dwc/terms/measurementRemarks","false"
"dwc","occurrenceMeasurementType","http://rs.tdwg.org/dwc/terms/occurrenceMeasurementType","Occurrence Measurement Type","Property","invalid","http://rs.tdwg.org/dwc/terms/measurementType","false"
"dwc","occurrenceMeasurementUnit","http://rs.tdwg.org/dwc/terms/occurrenceMeasurementUnit","Occurrence Measurement Unit","Property","invalid","http://rs.tdwg.org/dwc/terms/measurementUnit","false"
"dwc","occurrenceMeasurementValue","http://rs.tdwg.org/dwc/terms/occurrenceMeasurementValue","Occurrence Measurement Value","Property","invalid","http://rs.tdwg.org/dwc/terms/measurementValue","false"
"dwc","occurrenceRemarks","http://rs.tdwg.org/dwc/terms/occurrenceRemarks","Occurrence Remarks","Property","valid","","true"
"dwc","occurrenceStatus","http://rs.tdwg.org/dwc/terms/occurrenceStatus","Occurrence Status","Property","valid","","true"
"dwc","order","http://rs.tdwg.org/dwc/terms/order","Order","Property","valid","","true"
"dwc","Organism","http://rs.tdwg.org/dwc/terms/Organism","Organism","Class","valid","","false"
"dwc","organismID","http://rs.tdwg.org/dwc/terms/organismID","Organism ID","Property","valid","","true"
"dwc","OrganismInteraction","http://rs.tdwg.org/dwc/terms/OrganismInteraction","Organism Interaction","Class","valid","","false"
"dwc","organismInteractionDescription","http://rs.tdwg.org/dwc/terms/organismInteractionDescription","Organism Interaction Description","Property","valid","","true"
"dwc","organismInteractionID","http://rs.tdwg.org/dwc/terms/organismInteractionID","Organism Interaction ID","Property","valid","","true"
"dwc","organismInteractionType","http://rs.tdwg.org/dwc/terms/organismInteractionType","Organism Interaction Type","Property","valid","","true"
"dwc","organismName","http://rs.tdwg.org/dwc/terms/organismName","Organism Name","Property","valid","","true"
"dwc","organismQuantity","http://rs.tdwg.org/dwc/terms/organismQuantity","Organism Quantity","Property","valid","","true"
"dwc","organismQuantityType","http://rs.tdwg.org/dwc/terms/organismQuantityType","Organism Quantity Type","Property","valid","","true"
"dwc","organismRemarks","http://rs.tdwg.org/dwc/terms/organismRemarks","Organism Remarks","Property","valid","","true"
"dwc","organismScope","http://rs.tdwg.org/dwc/terms/organismScope","Organism Scope","Property","valid","","true"
"dwc","originalNameUsage","http://rs.tdwg.org/dwc/terms/originalNameUsage","Original Name Usage","Property","valid","","true"
"dwc","originalNameUsageID","http://rs.tdwg.org/dwc/terms/originalNameUsageID","Original Name Usage ID","Property","valid","","true"
"dwc","otherCatalogNumbers","http://rs.tdwg.org/dwc/terms/otherCatalogNumbers","Other Catalog Numbers","Property","valid","","true"
"dwc","ownerInstitutionCode","http://rs.tdwg.org/dwc/terms/ownerInstitutionCode","Owner Institution Code","Property","valid","","true"
"dwc","parentEventID","http://rs.tdwg.org/dwc/terms/parentEventID","Parent Event ID","Property","valid","","true"
"dwc","parentMeasurementID","http://rs.tdwg.org/dwc/terms/parentMeasurementID","Parent Measurement ID","Property","valid","","true"
"dwc","parentNameUsage","http://rs.tdwg.org/dwc/terms/parentNameUsage","Parent Name Usage","Property","valid","","true"
"dwc","parentNameUsageID","http://rs.tdwg.org/dwc/terms/parentNameUsageID","Parent Name Usage ID","Property","valid","","true"
"dwc","pathway","http://rs.tdwg.org/dwc/terms/pathway","Pathway","Property","valid","","true"
"dwc","phylum","http://rs.tdwg.org/dwc/terms/phylum","Phylum","Property","valid","","true"
"dwc","pointRadiusSpatialFit","http://rs.tdwg.org/dwc/terms/pointRadiusSpatialFit","Point Radius Spatial Fit","Property","valid","","true"
"dwc","preferredSpatialRepresentation","http://rs.tdwg.org/dwc/terms/preferredSpatialRepresentation","Preferred Spatial Representation","Property","valid","","true"
"dwc","preparations","http://rs.tdwg.org/dwc/terms/preparations","Preparations","Property","valid","","true"
"dwc","PreservedSpecimen","http://rs.tdwg.org/dwc/terms/PreservedSpecimen","Preserved Specimen","Class","valid","","false"
"dwc","previousIdentifications","http://rs.tdwg.org/dwc/terms/previousIdentifications","Previous Identifications","Property","valid","","true"
"dwc","PreviousIdentifications","http://rs.tdwg.org/dwc/terms/PreviousIdentifications","Previous Identifications","Property","invalid","http://rs.tdwg.org/dwc/terms/previousIdentifications","false"
"dwc","processedTotalReadCount","http://rs.tdwg.org/dwc/terms/processedTotalReadCount","Processed Total Read Count","Property","valid","","true"
"dwc","projectID","http://rs.tdwg.org/dwc/terms/projectID","Project ID","Property","valid","","true"
"dwc","projectTitle","http://rs.tdwg.org/dwc/terms/projectTitle","Project Title","Property","valid","","true"
"dwc","Protocol","http://rs.tdwg.org/dwc/terms/Protocol","Protocol","Class","valid","","false"
"dwc","protocolDescription","http://rs.tdwg.org/dwc/terms/protocolDescription","Protocol Description","Property","valid","","true"
"dwc","protocolID","http://rs.tdwg.org/dwc/terms/protocolID","Protocol ID","Property","valid","","true"
"dwc","protocolReferences","http://rs.tdwg.org/dwc/terms/protocolReferences","Protocol References","Property","valid","","true"
"dwc","protocolRemarks","http://rs.tdwg.org/dwc/terms/protocolRemarks","Protocol Remarks","Property","valid","","true"
"dwc","protocolType","http://rs.tdwg.org/dwc/terms/protocolType","Protocol Type","Property","valid","","true"
"dwc","Provenance","http://rs.tdwg.org/dwc/terms/Provenance","Provenance","Class","valid","","false"
"dwc","readCount","http://rs.tdwg.org/dwc/terms/readCount","Read Count","Property","valid","","true"
"dwc","recordedBy","http://rs.tdwg.org/dwc/terms/recordedBy","Recorded By","Property","valid","","true"
"dwc","recordedByID","http://rs.tdwg.org/dwc/terms/recordedByID","Recorded By ID","Property","valid","","true"
"dwc","recordNumber","http://rs.tdwg.org/dwc/terms/recordNumber","Record Number","Property","valid","","true"
"dwc","referenceID","http://rs.tdwg.org/dwc/terms/referenceID","Reference ID","Property","valid","","true"
"dwc","referenceRemarks","http://rs.tdwg.org/dwc/terms/referenceRemarks","Reference Remarks","Property","valid","","true"
"dwc","referenceType","http://rs.tdwg.org/dwc/terms/referenceType","Reference Type","Property","valid","","true"
"dwc","RelatedBasisOfRecord","http://rs.tdwg.org/dwc/terms/RelatedBasisOfRecord","Related Basis of Record","Property","invalid","","false"
"dwc","relatedResourceID","http://rs.tdwg.org/dwc/terms/relatedResourceID","Related Resource ID","Property","valid","","true"
"dwc","relatedResourceType","http://rs.tdwg.org/dwc/terms/relatedResourceType","Related Resource Type","Property","invalid","","false"
"dwc","relationshipAccordingTo","http://rs.tdwg.org/dwc/terms/relationshipAccordingTo","Relationship According To","Property","valid","","true"
"dwc","relationshipEstablishedDate","http://rs.tdwg.org/dwc/terms/relationshipEstablishedDate","Relationship Established Date","Property","valid","","true"
"dwc","relationshipOfResource","http://rs.tdwg.org/dwc/terms/relationshipOfResource","Relationship Of Resource","Property","valid","","true"
"dwc","relationshipOfResourceID","http://rs.tdwg.org/dwc/terms/relationshipOfResourceID","Relationship Of Resource ID","Property","valid","","true"
"dwc","relationshipRemarks","http://rs.tdwg.org/dwc/terms/relationshipRemarks","Relationship Remarks","Property","valid","","true"
"dwc","reproductiveCondition","http://rs.tdwg.org/dwc/terms/reproductiveCondition","Reproductive Condition","Property","valid","","true"
"dwc","resourceID","http://rs.tdwg.org/dwc/terms/resourceID","Resource ID","Property","valid","","true"
"dwc","ResourceRelationship","http://rs.tdwg.org/dwc/terms/ResourceRelationship","Resource Relationship","Class","valid","","false"
"dwc","resourceRelationshipID","http://rs.tdwg.org/dwc/terms/resourceRelationshipID","Resource Relationship ID","Property","valid","","true"
"dwc","Sample","http://rs.tdwg.org/dwc/terms/Sample","Sample","Class","invalid","http://rs.tdwg.org/dwc/terms/Occurrence","false"
"dwc","SampleAttribute","http://rs.tdwg.org/dwc/terms/SampleAttribute","Sample Attribute","Class","invalid","","false"
"dwc","SampleAttributeAccuracy","http://rs.tdwg.org/dwc/terms/SampleAttributeAccuracy","Sample Attribute Accuracy","Property","invalid","http://rs.tdwg.org/dwc/terms/occurrenceMeasurementAccuracy","false"
"dwc","SampleAttributeDeterminedBy","http://rs.tdwg.org/dwc/terms/SampleAttributeDeterminedBy","Sample Attribute Determined By","Property","invalid","http://rs.tdwg.org/dwc/terms/occurrenceMeasurementDeterminedBy","false"
"dwc","SampleAttributeDeterminedDate","http://rs.tdwg.org/dwc/terms/SampleAttributeDeterminedDate","Sample Attribute Determined Date","Property","invalid","http://rs.tdwg.org/dwc/terms/occurrenceMeasurementDeterminedDate","false"
"dwc","SampleAttributeRemarks","http://rs.tdwg.org/dwc/terms/SampleAttributeRemarks","Sample Attribute Remarks","Property","invalid","","false"
"dwc","SampleAttributeUnit","http://rs.tdwg.org/dwc/terms/SampleAttributeUnit","Sample Attribute Unit","Property","invalid","http://rs.tdwg.org/dwc/terms/occurrenceMeasurementUnit","false"
"dwc","SampleAttributeValue","http://rs.tdwg.org/dwc/terms/SampleAttributeValue","Sample Attribute Value","Property","invalid","http://rs.tdwg.org/dwc/terms/occurrenceMeasurementValue","false"
"dwc","sampledSubstrateCategory","http://rs.tdwg.org/dwc/terms/sampledSubstrateCategory","Sampled Substrate Category","Property","valid","","true"
"dwc","sampledSubstrateLayer","http://rs.tdwg.org/dwc/terms/sampledSubstrateLayer","Sampled Substrate Layer","Property","valid","","true"
"dwc","SampleRemarks","http://rs.tdwg.org/dwc/terms/SampleRemarks","Sample Remarks","Property","invalid","http://rs.tdwg.org/dwc/terms/occurrenceRemarks","false"
"dwc","sampleSizeUnit","http://rs.tdwg.org/dwc/terms/sampleSizeUnit","Sample Size Unit","Property","valid","","true"
"dwc","sampleSizeValue","http://rs.tdwg.org/dwc/terms/sampleSizeValue","Sample Size Value","Property","valid","","true"
"dwc","SamplingAttributeID","http://rs.tdwg.org/dwc/terms/SamplingAttributeID","Sample Attribute ID","Property","invalid","","false"
"dwc","SamplingAttributeType","http://rs.tdwg.org/dwc/terms/SamplingAttributeType","Sample Attribute Type","Property","invalid","","false"
"dwc","samplingEffort","http://rs.tdwg.org/dwc/terms/samplingEffort","Sampling Effort","Property","valid","","true"
"dwc","SamplingEvent","http://rs.tdwg.org/dwc/terms/SamplingEvent","Sampling Event","Class","invalid","http://rs.tdwg.org/dwc/terms/Event","false"
"dwc","SamplingEventAttributes","http://rs.tdwg.org/dwc/terms/SamplingEventAttributes","Sampling Event Attributes","Property","invalid","","false"
"dwc","SamplingEventID","http://rs.tdwg.org/dwc/terms/SamplingEventID","Sampling Event ID","Property","invalid","http://rs.tdwg.org/dwc/terms/eventID","false"
"dwc","SamplingEventRemarks","http://rs.tdwg.org/dwc/terms/SamplingEventRemarks","Sampling Event Remarks","Property","invalid","","false"
"dwc","SamplingLocation","http://rs.tdwg.org/dwc/terms/SamplingLocation","Sampling Location","Class","invalid","","false"
"dwc","SamplingLocationID","http://rs.tdwg.org/dwc/terms/SamplingLocationID","Sampling Location ID","Property","invalid","http://rs.tdwg.org/dwc/terms/locationID","false"
"dwc","SamplingLocationRemarks","http://rs.tdwg.org/dwc/terms/SamplingLocationRemarks","Sampling Location Remarks","Property","invalid","http://rs.tdwg.org/dwc/terms/locationRemarks","false"
"dwc","samplingProtocol","http://rs.tdwg.org/dwc/terms/samplingProtocol","Sampling Protocol","Property","valid","","true"
"dwc","scientificName","http://rs.tdwg.org/dwc/terms/scientificName","Scientific Name","Property","valid","","true"
"dwc","scientificNameAuthorship","http://rs.tdwg.org/dwc/terms/scientificNameAuthorship","Scientific Name Authorship","Property","valid","","true"
"dwc","scientificNameID","http://rs.tdwg.org/dwc/terms/scientificNameID","Scientific Name ID","Property","valid","","true"
"dwc","scientificNameRank","http://rs.tdwg.org/dwc/terms/scientificNameRank","Scientific Name Rank","Property","invalid","http://rs.tdwg.org/dwc/terms/taxonRank","false"
"dwc","sequence","http://rs.tdwg.org/dwc/terms/sequence","Sequence","Property","valid","","true"
"dwc","sex","http://rs.tdwg.org/dwc/terms/sex","Sex","Property","valid","","true"
"dwc","siteNumber","http://rs.tdwg.org/dwc/terms/siteNumber","Site Number","Property","valid","","true"
"dwc","specificEpithet","http://rs.tdwg.org/dwc/terms/specificEpithet","Specific Epithet","Property","valid","","true"
"dwc","startDayOfYear","http://rs.tdwg.org/dwc/terms/startDayOfYear","Start Day Of Year","Property","valid","","true"
"dwc","StartTimeOfDay","http://rs.tdwg.org/dwc/terms/StartTimeOfDay","Start Time of Day","Property","invalid","http://rs.tdwg.org/dwc/terms/eventTime","false"
"dwc","stateProvince","http://rs.tdwg.org/dwc/terms/stateProvince","First Order Division","Property","valid","","true"
"dwc","subfamily","http://rs.tdwg.org/dwc/terms/subfamily","Subfamily","Property","valid","","true"
"dwc","subgenus","http://rs.tdwg.org/dwc/terms/subgenus","Subgenus","Property","valid","","true"
"dwc","subtribe","http://rs.tdwg.org/dwc/terms/subtribe","Subtribe","Property","valid","","true"
"dwc","superfamily","http://rs.tdwg.org/dwc/terms/superfamily","Superfamily","Property","valid","","true"
"dwc","Taxon","http://rs.tdwg.org/dwc/terms/Taxon","Taxon","Class","valid","","false"
"dwc","taxonAccordingTo","http://rs.tdwg.org/dwc/terms/taxonAccordingTo","Taxon According To","Property","invalid","http://rs.tdwg.org/dwc/terms/nameAccordingTo","false"
"dwc","taxonAttributes","http://rs.tdwg.org/dwc/terms/taxonAttributes","Taxon Attributes","Property","invalid","","false"
"dwc","taxonConceptID","http://rs.tdwg.org/dwc/terms/taxonConceptID","Taxon Concept ID","Property","valid","","true"
"dwc","taxonFormula","http://rs.tdwg.org/dwc/terms/taxonFormula","Taxon Formula","Property","valid","","true"
"dwc","taxonID","http://rs.tdwg.org/dwc/terms/taxonID","Taxon ID","Property","valid","","true"
"dwc","TaxonID","http://rs.tdwg.org/dwc/terms/TaxonID","Taxon ID","Property","invalid","http://rs.tdwg.org/dwc/terms/taxonNameID","false"
"dwc","taxonNameID","http://rs.tdwg.org/dwc/terms/taxonNameID","Taxon Name ID","Property","invalid","","false"
"dwc","taxonomicStatus","http://rs.tdwg.org/dwc/terms/taxonomicStatus","Taxonomic Status","Property","valid","","true"
"dwc","taxonRank","http://rs.tdwg.org/dwc/terms/taxonRank","Taxon Rank","Property","valid","","true"
"dwc","taxonRemarks","http://rs.tdwg.org/dwc/terms/taxonRemarks","Taxon Remarks","Property","valid","","true"
"dwc","tribe","http://rs.tdwg.org/dwc/terms/tribe","Tribe","Property","valid","","true"
"dwc","typeOfType","http://rs.tdwg.org/dwc/terms/typeOfType","Type Of Type","Property","valid","","true"
"dwc","typeStatus","http://rs.tdwg.org/dwc/terms/typeStatus","Type Status","Property","valid","","true"
"dwc","typifiedName","http://rs.tdwg.org/dwc/terms/typifiedName","Typified Name","Property","valid","","true"
"dwc","UsagePolicy","http://rs.tdwg.org/dwc/terms/UsagePolicy","Usage Policy","Class","valid","","false"
"dwc","verbatimAssertionType","http://rs.tdwg.org/dwc/terms/verbatimAssertionType","Verbatim Assertion Type","Property","valid","","false"
"dwc","verbatimCoordinates","http://rs.tdwg.org/dwc/terms/verbatimCoordinates","Verbatim Coordinates","Property","valid","","true"
"dwc","verbatimCoordinateSystem","http://rs.tdwg.org/dwc/terms/verbatimCoordinateSystem","Verbatim Coordinate System","Property","valid","","true"
"dwc","verbatimDepth","http://rs.tdwg.org/dwc/terms/verbatimDepth","Verbatim Depth","Property","valid","","true"
"dwc","verbatimElevation","http://rs.tdwg.org/dwc/terms/verbatimElevation","Verbatim Elevation","Property","valid","","true"
"dwc","verbatimEventDate","http://rs.tdwg.org/dwc/terms/verbatimEventDate","Verbatim EventDate","Property","valid","","true"
"dwc","verbatimIdentification","http://rs.tdwg.org/dwc/terms/verbatimIdentification","Verbatim Identification","Property","valid","","true"
"dwc","verbatimLabel","http://rs.tdwg.org/dwc/terms/verbatimLabel","Verbatim Label","Property","valid","","true"
"dwc","verbatimLatitude","http://rs.tdwg.org/dwc/terms/verbatimLatitude","Verbatim Latitude","Property","valid","","true"
"dwc","verbatimLocality","http://rs.tdwg.org/dwc/terms/verbatimLocality","Verbatim Locality","Property","valid","","true"
"dwc","verbatimLongitude","http://rs.tdwg.org/dwc/terms/verbatimLongitude","Verbatim Longitude","Property","valid","","true"
"dwc","verbatimMeasurementType","http://rs.tdwg.org/dwc/terms/verbatimMeasurementType","Verbatim Measurement Type","Property","valid","","true"
"dwc","verbatimScientificNameRank","http://rs.tdwg.org/dwc/terms/verbatimScientificNameRank","Verbatim Scientific Name Rank","Property","invalid","http://rs.tdwg.org/dwc/terms/verbatimTaxonRank","false"
"dwc","verbatimSRS","http://rs.tdwg.org/dwc/terms/verbatimSRS","Verbatim SRS","Property","valid","","true"
"dwc","verbatimTaxonRank","http://rs.tdwg.org/dwc/terms/verbatimTaxonRank","Verbatim Taxon Rank","Property","valid","","true"
"dwc","vernacularName","http://rs.tdwg.org/dwc/terms/vernacularName","Vernacular Name","Property","valid","","true"
"dwc","verticalDatum","http://rs.tdwg.org/dwc/terms/verticalDatum","Vertical Datum","Property","valid","","true"
"dwc","vitality","http://rs.tdwg.org/dwc/terms/vitality","Vitality","Property","valid","","true"
"dwc","waterBody","http://rs.tdwg.org/dwc/terms/waterBody","Water Body","Property","valid","","true"
"dwc","year","http://rs.tdwg.org/dwc/terms/year","Year","Property","valid","","true"
"dwciri","assayType","http://rs.tdwg.org/dwc/iri/assayType","Assay Type (IRI)","Property","valid","","false"
"dwciri","assertionBy","http://rs.tdwg.org/dwc/iri/assertionBy","Assertion By (IRI)","Property","valid","","false"
"dwciri","assertionType","http://rs.tdwg.org/dwc/iri/assertionType","Assertion Type (IRI)","Property","valid","","false"
"dwciri","assertionUnit","http://rs.tdwg.org/dwc/iri/assertionUnit","Assertion Unit (IRI)","Property","valid","","false"
"dwciri","assertionValue","http://rs.tdwg.org/dwc/iri/assertionValue","Assertion Value (IRI)","Property","valid","","false"
"dwciri","behavior","http://rs.tdwg.org/dwc/iri/behavior","Behavior (IRI)","Property","valid","","false"
"dwciri","caste","http://rs.tdwg.org/dwc/iri/caste","Caste (IRI)","Property","valid","","false"
"dwciri","dataGeneralizations","http://rs.tdwg.org/dwc/iri/dataGeneralizations","Data Generalizations (IRI)","Property","valid","","false"
"dwciri","degreeOfEstablishment","http://rs.tdwg.org/dwc/iri/degreeOfEstablishment","Degree of Establishment (IRI)","Property","valid","","false"
"dwciri","discipline","http://rs.tdwg.org/dwc/iri/discipline","Discipline (IRI)","Property","valid","","false"
"dwciri","disposition","http://rs.tdwg.org/dwc/iri/disposition","Disposition (IRI)","Property","valid","","false"
"dwciri","earliestGeochronologicalEra","http://rs.tdwg.org/dwc/iri/earliestGeochronologicalEra","Earliest Geochronological Era","Property","valid","","false"
"dwciri","establishmentMeans","http://rs.tdwg.org/dwc/iri/establishmentMeans","Establishment Means (IRI)","Property","valid","","false"
"dwciri","eventCategory","http://rs.tdwg.org/dwc/iri/eventCategory","Event Category (IRI)","Property","valid","","false"
"dwciri","eventType","http://rs.tdwg.org/dwc/iri/eventType","Event Type (IRI)","Property","valid","","false"
"dwciri","fieldNotes","http://rs.tdwg.org/dwc/iri/fieldNotes","Field Notes (IRI)","Property","valid","","false"
"dwciri","fieldNumber","http://rs.tdwg.org/dwc/iri/fieldNumber","Field Number (IRI)","Property","valid","","false"
"dwciri","footprintSRS","http://rs.tdwg.org/dwc/iri/footprintSRS","Footprint SRS (IRI)","Property","valid","","false"
"dwciri","footprintWKT","http://rs.tdwg.org/dwc/iri/footprintWKT","Footprint WKT (IRI)","Property","valid","","false"
"dwciri","fromLithostratigraphicUnit","http://rs.tdwg.org/dwc/iri/fromLithostratigraphicUnit","From Lithostratigraphic Unit","Property","valid","","false"
"dwciri","fundingAttribution","http://rs.tdwg.org/dwc/iri/fundingAttribution","Funding Attribution (IRI)","Property","valid","","false"
"dwciri","geodeticDatum","http://rs.tdwg.org/dwc/iri/geodeticDatum","Geodetic Datum (IRI)","Property","valid","","false"
"dwciri","georeferencedBy","http://rs.tdwg.org/dwc/iri/georeferencedBy","Georeferenced By (IRI)","Property","valid","","false"
"dwciri","georeferenceProtocol","http://rs.tdwg.org/dwc/iri/georeferenceProtocol","Georeference Protocol (IRI)","Property","valid","","false"
"dwciri","georeferenceSources","http://rs.tdwg.org/dwc/iri/georeferenceSources","Georeference Sources (IRI)","Property","valid","","false"
"dwciri","georeferenceVerificationStatus","http://rs.tdwg.org/dwc/iri/georeferenceVerificationStatus","Georeference Verification Status (IRI)","Property","valid","","false"
"dwciri","habitat","http://rs.tdwg.org/dwc/iri/habitat","Habitat (IRI)","Property","valid","","false"
"dwciri","identificationQualifier","http://rs.tdwg.org/dwc/iri/identificationQualifier","Identification Qualifier (IRI)","Property","valid","","false"
"dwciri","identificationType","http://rs.tdwg.org/dwc/iri/identificationType","Identification Type (IRI)","Property","valid","","false"
"dwciri","identificationVerificationStatus","http://rs.tdwg.org/dwc/iri/identificationVerificationStatus","Identification Verification Status (IRI)","Property","valid","","false"
"dwciri","identifiedBy","http://rs.tdwg.org/dwc/iri/identifiedBy","Identified By (IRI)","Property","valid","","false"
"dwciri","inCollection","http://rs.tdwg.org/dwc/iri/inCollection","In Collection","Property","valid","","false"
"dwciri","inDataset","http://rs.tdwg.org/dwc/iri/inDataset","In Dataset","Property","valid","","false"
"dwciri","inDescribedPlace","http://rs.tdwg.org/dwc/iri/inDescribedPlace","In Described Place","Property","valid","","false"
"dwciri","informationWithheld","http://rs.tdwg.org/dwc/iri/informationWithheld","Information Withheld (IRI)","Property","valid","","false"
"dwciri","latestGeochronologicalEra","http://rs.tdwg.org/dwc/iri/latestGeochronologicalEra","Latest Geochronological Era","Property","valid","","false"
"dwciri","lifeStage","http://rs.tdwg.org/dwc/iri/lifeStage","Life Stage (IRI)","Property","valid","","false"
"dwciri","locationAccordingTo","http://rs.tdwg.org/dwc/iri/locationAccordingTo","Location According To (IRI)","Property","valid","","false"
"dwciri","materialEntityCategory","http://rs.tdwg.org/dwc/iri/materialEntityCategory","Material Entity Category (IRI)","Property","valid","","false"
"dwciri","materialEntityType","http://rs.tdwg.org/dwc/iri/materialEntityType","Material Entity Type (IRI)","Property","valid","","false"
"dwciri","measurementDeterminedBy","http://rs.tdwg.org/dwc/iri/measurementDeterminedBy","Measurement Determined By (IRI)","Property","valid","","false"
"dwciri","measurementMethod","http://rs.tdwg.org/dwc/iri/measurementMethod","Measurement Method (IRI)","Property","valid","","false"
"dwciri","measurementType","http://rs.tdwg.org/dwc/iri/measurementType","Measurement Type (IRI)","Property","valid","","false"
"dwciri","measurementUnit","http://rs.tdwg.org/dwc/iri/measurementUnit","Measurement Unit (IRI)","Property","valid","","false"
"dwciri","measurementValue","http://rs.tdwg.org/dwc/iri/measurementValue","Measurement Value (IRI)","Property","valid","","false"
"dwciri","objectQuantityType","http://rs.tdwg.org/dwc/iri/objectQuantityType","Object Quantity Type (IRI)","Property","valid","","false"
"dwciri","occurrenceStatus","http://rs.tdwg.org/dwc/iri/occurrenceStatus","Occurrence Status (IRI)","Property","valid","","false"
"dwciri","organismInteractionType","http://rs.tdwg.org/dwc/iri/organismInteractionType","Organism Interaction Type (IRI)","Property","valid","","false"
"dwciri","organismQuantityType","http://rs.tdwg.org/dwc/iri/organismQuantityType","Organism Quantity Type (IRI)","Property","valid","","false"
"dwciri","organismScope","http://rs.tdwg.org/dwc/iri/organismScope","Organism Scope (IRI)","Property","valid","","false"
"dwciri","pathway","http://rs.tdwg.org/dwc/iri/pathway","Pathway (IRI)","Property","valid","","false"
"dwciri","preferredSpatialRepresentation","http://rs.tdwg.org/dwc/iri/preferredSpatialRepresentation","Preferred Spatial Representation (IRI)","Property","valid","","false"
"dwciri","preparations","http://rs.tdwg.org/dwc/iri/preparations","Preparations (IRI)","Property","valid","","false"
"dwciri","protocolType","http://rs.tdwg.org/dwc/iri/protocolType","Protocol Type (IRI)","Property","valid","","false"
"dwciri","recordedBy","http://rs.tdwg.org/dwc/iri/recordedBy","Recorded By (IRI)","Property","valid","","false"
"dwciri","recordNumber","http://rs.tdwg.org/dwc/iri/recordNumber","Record Number (IRI)","Property","valid","","false"
"dwciri","reproductiveCondition","http://rs.tdwg.org/dwc/iri/reproductiveCondition","Reproductive Condition (IRI)","Property","valid","","false"
"dwciri","sampledSubstrateCategory","http://rs.tdwg.org/dwc/iri/sampledSubstrateCategory","Sampled Substrate Category (IRI)","Property","valid","","false"
"dwciri","sampledSubstrateLayer","http://rs.tdwg.org/dwc/iri/sampledSubstrateLayer","Sampled Substrate Layer (IRI)","Property","valid","","false"
"dwciri","sampleSizeUnit","http://rs.tdwg.org/dwc/iri/sampleSizeUnit","Sampling Size Unit (IRI)","Property","valid","","false"
"dwciri","samplingProtocol","http://rs.tdwg.org/dwc/iri/samplingProtocol","Sampling Protocol (IRI)","Property","valid","","false"
"dwciri","sex","http://rs.tdwg.org/dwc/iri/sex","Sex (IRI)","Property","valid","","false"
"dwciri","siteNumber","http://rs.tdwg.org/dwc/iri/siteNumber","Site Number (IRI)","Property","valid","","false"
"dwciri","taxonFormula","http://rs.tdwg.org/dwc/iri/taxonFormula","Taxon Formula (IRI)","Property","valid","","false"
"dwciri","toDigitalSpecimen","http://rs.tdwg.org/dwc/iri/toDigitalSpecimen","To Digital Specimen","Property","valid","","false"
"dwciri","toTaxon","http://rs.tdwg.org/dwc/iri/toTaxon","To Taxon","Property","valid","","true"
"dwciri","typeStatus","http://rs.tdwg.org/dwc/iri/typeStatus","Type Status (IRI)","Property","valid","","false"
"dwciri","verbatimCoordinateSystem","http://rs.tdwg.org/dwc/iri/verbatimCoordinateSystem","Verbatim Coordinate System (IRI)","Property","valid","","false"
"dwciri","verbatimSRS","http://rs.tdwg.org/dwc/iri/verbatimSRS","Verbatim SRS (IRI)","Property","valid","","false"
"dwciri","verticalDatum","http://rs.tdwg.org/dwc/iri/verticalDatum","Vertical Datum (IRI)","Property","valid","","false"
"dwciri","vitality","http://rs.tdwg.org/dwc/iri/vitality","Vitality (IRI)","Property","valid","","false"
